{
  "luis_schema_version": "1.3.0",
  "name": "LUISBankingBot",
  "desc": "LUIS Banking Bot",
  "culture": "en-us",
  "intents": [
    {
      "name": "Deposit"
    },
    {
      "name": "None"
    },
    {
      "name": "ShowBalance"
    },
    {
      "name": "Transfer"
    },
    {
      "name": "Withdraw"
    }
  ],
  "entities": [
    {
      "name": "Account"
    },
    {
      "name": "AccountTo"
    }
  ],
  "composites": [
    {
      "name": "TransactionAmount",
      "children": [
        "money",
        "number"
      ]
    }
  ],
  "bing_entities": [
    "money",
    "number"
  ],
  "actions": [
    {
      "actionName": "Deposit",
      "intentName": "Deposit",
      "actionParameters": [
        {
          "parameterName": "TransactionAmount",
          "entityName": "TransactionAmount",
          "required": true
        },
        {
          "parameterName": "Account",
          "entityName": "Account",
          "required": false
        }
      ]
    },
    {
      "actionName": "Transfer",
      "intentName": "Transfer",
      "actionParameters": [
        {
          "parameterName": "AccountFrom",
          "entityName": "Account",
          "required": false
        },
        {
          "parameterName": "TransactionAmount",
          "entityName": "TransactionAmount",
          "required": false
        },
        {
          "parameterName": "AccountTo",
          "entityName": "AccountTo",
          "required": false
        }
      ]
    },
    {
      "actionName": "ShowBalance",
      "intentName": "ShowBalance",
      "actionParameters": [
        {
          "parameterName": "Account",
          "entityName": "Account",
          "required": true
        }
      ]
    },
    {
      "actionName": "Withdraw",
      "intentName": "Withdraw",
      "actionParameters": [
        {
          "parameterName": "TransactionAmount",
          "entityName": "TransactionAmount",
          "required": true
        },
        {
          "parameterName": "Account",
          "entityName": "Account",
          "required": false
        }
      ]
    }
  ],
  "model_features": [],
  "regex_features": [],
  "utterances": [
    {
      "text": "i want to take out $100.43",
      "intent": "Withdraw",
      "entities": []
    },
    {
      "text": "put this 3k into my account",
      "intent": "Deposit",
      "entities": [
        {
          "entity": "TransactionAmount",
          "startPos": 2,
          "endPos": 2
        }
      ]
    },
    {
      "text": "take out 5k",
      "intent": "Withdraw",
      "entities": [
        {
          "entity": "TransactionAmount",
          "startPos": 2,
          "endPos": 2
        }
      ]
    },
    {
      "text": "add 600k",
      "intent": "Deposit",
      "entities": [
        {
          "entity": "TransactionAmount",
          "startPos": 1,
          "endPos": 1
        }
      ]
    },
    {
      "text": "put 456k into my checkings",
      "intent": "Deposit",
      "entities": [
        {
          "entity": "TransactionAmount",
          "startPos": 1,
          "endPos": 1
        },
        {
          "entity": "Account",
          "startPos": 4,
          "endPos": 4
        }
      ]
    },
    {
      "text": "give me 1009k from my savings",
      "intent": "Withdraw",
      "entities": [
        {
          "entity": "TransactionAmount",
          "startPos": 2,
          "endPos": 2
        },
        {
          "entity": "Account",
          "startPos": 5,
          "endPos": 5
        }
      ]
    },
    {
      "text": "show my savings balance",
      "intent": "ShowBalance",
      "entities": [
        {
          "entity": "Account",
          "startPos": 2,
          "endPos": 2
        }
      ]
    },
    {
      "text": "i want to deposit this $1,000,000 into my checkings account",
      "intent": "Deposit",
      "entities": [
        {
          "entity": "TransactionAmount",
          "startPos": 5,
          "endPos": 10
        },
        {
          "entity": "Account",
          "startPos": 13,
          "endPos": 13
        }
      ]
    },
    {
      "text": "i want to withdraw $3,543,243.43 from my savings account",
      "intent": "Withdraw",
      "entities": [
        {
          "entity": "Account",
          "startPos": 14,
          "endPos": 14
        }
      ]
    },
    {
      "text": "put 4k into my savings please",
      "intent": "Deposit",
      "entities": [
        {
          "entity": "TransactionAmount",
          "startPos": 1,
          "endPos": 1
        },
        {
          "entity": "Account",
          "startPos": 4,
          "endPos": 4
        }
      ]
    },
    {
      "text": "can you please take out 6m from my checkings",
      "intent": "Withdraw",
      "entities": [
        {
          "entity": "TransactionAmount",
          "startPos": 5,
          "endPos": 5
        },
        {
          "entity": "Account",
          "startPos": 8,
          "endPos": 8
        }
      ]
    },
    {
      "text": "give me 4.32 from my savings",
      "intent": "Withdraw",
      "entities": [
        {
          "entity": "TransactionAmount",
          "startPos": 2,
          "endPos": 4
        },
        {
          "entity": "Account",
          "startPos": 7,
          "endPos": 7
        }
      ]
    },
    {
      "text": "remove $1,000.32 from savings",
      "intent": "Withdraw",
      "entities": [
        {
          "entity": "Account",
          "startPos": 8,
          "endPos": 8
        }
      ]
    },
    {
      "text": "put this 55k right here into my checkings",
      "intent": "Deposit",
      "entities": [
        {
          "entity": "TransactionAmount",
          "startPos": 2,
          "endPos": 2
        },
        {
          "entity": "Account",
          "startPos": 7,
          "endPos": 7
        }
      ]
    },
    {
      "text": "add 1.32 to savings",
      "intent": "Deposit",
      "entities": [
        {
          "entity": "Account",
          "startPos": 5,
          "endPos": 5
        }
      ]
    },
    {
      "text": "what's my checkings balance",
      "intent": "ShowBalance",
      "entities": [
        {
          "entity": "Account",
          "startPos": 4,
          "endPos": 4
        }
      ]
    },
    {
      "text": "give me 200 from savings",
      "intent": "Withdraw",
      "entities": [
        {
          "entity": "TransactionAmount",
          "startPos": 2,
          "endPos": 2
        }
      ]
    },
    {
      "text": "200 from savings",
      "intent": "Withdraw",
      "entities": [
        {
          "entity": "TransactionAmount",
          "startPos": 0,
          "endPos": 0
        },
        {
          "entity": "Account",
          "startPos": 2,
          "endPos": 2
        }
      ]
    },
    {
      "text": "8732.32 to checkings",
      "intent": "Deposit",
      "entities": [
        {
          "entity": "TransactionAmount",
          "startPos": 0,
          "endPos": 2
        },
        {
          "entity": "Account",
          "startPos": 4,
          "endPos": 4
        }
      ]
    },
    {
      "text": "5k to savings",
      "intent": "Deposit",
      "entities": [
        {
          "entity": "TransactionAmount",
          "startPos": 0,
          "endPos": 0
        },
        {
          "entity": "Account",
          "startPos": 2,
          "endPos": 2
        }
      ]
    },
    {
      "text": "1,234,432,543,654 to checkings",
      "intent": "Deposit",
      "entities": [
        {
          "entity": "Account",
          "startPos": 10,
          "endPos": 10
        }
      ]
    },
    {
      "text": "1,234,432,543,654 from checkings",
      "intent": "Withdraw",
      "entities": [
        {
          "entity": "Account",
          "startPos": 10,
          "endPos": 10
        }
      ]
    },
    {
      "text": "100m from checkings",
      "intent": "Withdraw",
      "entities": [
        {
          "entity": "TransactionAmount",
          "startPos": 0,
          "endPos": 0
        },
        {
          "entity": "Account",
          "startPos": 2,
          "endPos": 2
        }
      ]
    },
    {
      "text": "i need my savings balance",
      "intent": "ShowBalance",
      "entities": [
        {
          "entity": "Account",
          "startPos": 3,
          "endPos": 3
        }
      ]
    },
    {
      "text": "what's my checkings",
      "intent": "ShowBalance",
      "entities": [
        {
          "entity": "Account",
          "startPos": 4,
          "endPos": 4
        }
      ]
    },
    {
      "text": "can you put 7,000 into my savings please?",
      "intent": "Deposit",
      "entities": [
        {
          "entity": "TransactionAmount",
          "startPos": 3,
          "endPos": 5
        },
        {
          "entity": "Account",
          "startPos": 8,
          "endPos": 8
        }
      ]
    },
    {
      "text": "pleaseeeeeeee take 7,000 from my savings please???????????",
      "intent": "Withdraw",
      "entities": [
        {
          "entity": "TransactionAmount",
          "startPos": 2,
          "endPos": 4
        },
        {
          "entity": "Account",
          "startPos": 7,
          "endPos": 7
        }
      ]
    },
    {
      "text": "7,000 from my savings please???????????",
      "intent": "Withdraw",
      "entities": [
        {
          "entity": "TransactionAmount",
          "startPos": 0,
          "endPos": 2
        },
        {
          "entity": "Account",
          "startPos": 5,
          "endPos": 5
        }
      ]
    },
    {
      "text": "$7,000,000 to my savings please???????????",
      "intent": "Deposit",
      "entities": [
        {
          "entity": "TransactionAmount",
          "startPos": 0,
          "endPos": 5
        },
        {
          "entity": "Account",
          "startPos": 8,
          "endPos": 8
        }
      ]
    },
    {
      "text": "send 2.78 to savings",
      "intent": "Deposit",
      "entities": [
        {
          "entity": "Account",
          "startPos": 5,
          "endPos": 5
        }
      ]
    },
    {
      "text": "i need my savings right now",
      "intent": "ShowBalance",
      "entities": [
        {
          "entity": "Account",
          "startPos": 3,
          "endPos": 3
        }
      ]
    },
    {
      "text": "my checkings status please",
      "intent": "ShowBalance",
      "entities": [
        {
          "entity": "Account",
          "startPos": 1,
          "endPos": 1
        }
      ]
    },
    {
      "text": "savings status",
      "intent": "ShowBalance",
      "entities": [
        {
          "entity": "Account",
          "startPos": 0,
          "endPos": 0
        }
      ]
    },
    {
      "text": "checkings status",
      "intent": "ShowBalance",
      "entities": [
        {
          "entity": "Account",
          "startPos": 0,
          "endPos": 0
        }
      ]
    },
    {
      "text": "ghost ride the zord",
      "intent": "None",
      "entities": []
    },
    {
      "text": "let me see the savings",
      "intent": "ShowBalance",
      "entities": [
        {
          "entity": "Account",
          "startPos": 4,
          "endPos": 4
        }
      ]
    },
    {
      "text": "let me see the checkings",
      "intent": "ShowBalance",
      "entities": [
        {
          "entity": "Account",
          "startPos": 4,
          "endPos": 4
        }
      ]
    },
    {
      "text": "i'd like to make a withdrawal from my savings",
      "intent": "Withdraw",
      "entities": [
        {
          "entity": "Account",
          "startPos": 10,
          "endPos": 10
        }
      ]
    },
    {
      "text": "deposit 100",
      "intent": "Deposit",
      "entities": [
        {
          "entity": "TransactionAmount",
          "startPos": 1,
          "endPos": 1
        }
      ]
    },
    {
      "text": "my checkings balance",
      "intent": "ShowBalance",
      "entities": [
        {
          "entity": "Account",
          "startPos": 1,
          "endPos": 1
        }
      ]
    },
    {
      "text": "current savings balance",
      "intent": "ShowBalance",
      "entities": [
        {
          "entity": "Account",
          "startPos": 1,
          "endPos": 1
        }
      ]
    },
    {
      "text": "ghost ride the whi[p",
      "intent": "None",
      "entities": []
    },
    {
      "text": "go go sonic rangers",
      "intent": "None",
      "entities": []
    },
    {
      "text": "add funds of 6,000 to my savings",
      "intent": "Deposit",
      "entities": [
        {
          "entity": "TransactionAmount",
          "startPos": 3,
          "endPos": 5
        },
        {
          "entity": "Account",
          "startPos": 8,
          "endPos": 8
        }
      ]
    },
    {
      "text": "i want google",
      "intent": "None",
      "entities": []
    },
    {
      "text": "wher;e my cortana",
      "intent": "None",
      "entities": []
    },
    {
      "text": "show my super mario wario luigi",
      "intent": "None",
      "entities": []
    },
    {
      "text": "ash kethum",
      "intent": "None",
      "entities": []
    },
    {
      "text": "castoform gen 3 normal type",
      "intent": "None",
      "entities": []
    },
    {
      "text": "i need 3k apples then 4.90 apples, then!! give me like 69k apples kk?",
      "intent": "None",
      "entities": [
        {
          "entity": "TransactionAmount",
          "startPos": 2,
          "endPos": 2
        },
        {
          "entity": "TransactionAmount",
          "startPos": 16,
          "endPos": 16
        }
      ]
    },
    {
      "text": "give me 90k",
      "intent": "Withdraw",
      "entities": []
    },
    {
      "text": "i need 89k",
      "intent": "Withdraw",
      "entities": [
        {
          "entity": "TransactionAmount",
          "startPos": 2,
          "endPos": 2
        }
      ]
    },
    {
      "text": "put in 100,342,343.34",
      "intent": "Deposit",
      "entities": []
    },
    {
      "text": "put in 983283298 into the checkings",
      "intent": "Deposit",
      "entities": [
        {
          "entity": "TransactionAmount",
          "startPos": 2,
          "endPos": 2
        },
        {
          "entity": "Account",
          "startPos": 5,
          "endPos": 5
        }
      ]
    },
    {
      "text": "i want to send 500 to my savings",
      "intent": "Deposit",
      "entities": [
        {
          "entity": "TransactionAmount",
          "startPos": 4,
          "endPos": 4
        },
        {
          "entity": "Account",
          "startPos": 7,
          "endPos": 7
        }
      ]
    },
    {
      "text": "give me 600k out of my checkings",
      "intent": "Withdraw",
      "entities": [
        {
          "entity": "TransactionAmount",
          "startPos": 2,
          "endPos": 2
        },
        {
          "entity": "Account",
          "startPos": 6,
          "endPos": 6
        }
      ]
    },
    {
      "text": "give me 600k",
      "intent": "Withdraw",
      "entities": [
        {
          "entity": "TransactionAmount",
          "startPos": 2,
          "endPos": 2
        }
      ]
    },
    {
      "text": "my current balance is what?",
      "intent": "ShowBalance",
      "entities": []
    },
    {
      "text": "give the current balance please?",
      "intent": "ShowBalance",
      "entities": []
    },
    {
      "text": "what's my specific balance in my checkings?",
      "intent": "ShowBalance",
      "entities": [
        {
          "entity": "Account",
          "startPos": 8,
          "endPos": 8
        }
      ]
    },
    {
      "text": "what's my specific balance in my savings?",
      "intent": "ShowBalance",
      "entities": [
        {
          "entity": "Account",
          "startPos": 8,
          "endPos": 8
        }
      ]
    },
    {
      "text": "store some money into my savings",
      "intent": "Deposit",
      "entities": [
        {
          "entity": "Account",
          "startPos": 5,
          "endPos": 5
        }
      ]
    },
    {
      "text": "store some money into my checkings",
      "intent": "Deposit",
      "entities": [
        {
          "entity": "Account",
          "startPos": 5,
          "endPos": 5
        }
      ]
    },
    {
      "text": "withdraw cash from savings",
      "intent": "Withdraw",
      "entities": [
        {
          "entity": "Account",
          "startPos": 3,
          "endPos": 3
        }
      ]
    },
    {
      "text": "deposit cash into checkings",
      "intent": "Deposit",
      "entities": [
        {
          "entity": "Account",
          "startPos": 3,
          "endPos": 3
        }
      ]
    },
    {
      "text": "deposit cash",
      "intent": "Deposit",
      "entities": []
    },
    {
      "text": "deposit",
      "intent": "Deposit",
      "entities": []
    },
    {
      "text": "withdraw",
      "intent": "Withdraw",
      "entities": []
    },
    {
      "text": "withdrawal",
      "intent": "Withdraw",
      "entities": []
    },
    {
      "text": "add money",
      "intent": "Deposit",
      "entities": []
    },
    {
      "text": "take out money",
      "intent": "Withdraw",
      "entities": []
    },
    {
      "text": "from checkings take out 600",
      "intent": "Withdraw",
      "entities": [
        {
          "entity": "TransactionAmount",
          "startPos": 4,
          "endPos": 4
        },
        {
          "entity": "Account",
          "startPos": 1,
          "endPos": 1
        }
      ]
    },
    {
      "text": "savings put in 404.32",
      "intent": "Deposit",
      "entities": [
        {
          "entity": "Account",
          "startPos": 0,
          "endPos": 0
        }
      ]
    },
    {
      "text": "just saying hi there",
      "intent": "None",
      "entities": []
    },
    {
      "text": "ping",
      "intent": "None",
      "entities": []
    },
    {
      "text": "kjnfdvknjfdkjbfdjhb",
      "intent": "None",
      "entities": []
    },
    {
      "text": ".............$$$$$jkdsf43534",
      "intent": "None",
      "entities": []
    },
    {
      "text": "hey there, what's my savings balance?",
      "intent": "ShowBalance",
      "entities": [
        {
          "entity": "Account",
          "startPos": 7,
          "endPos": 7
        }
      ]
    },
    {
      "text": "i need to take out 500 from my checkings",
      "intent": "Withdraw",
      "entities": [
        {
          "entity": "TransactionAmount",
          "startPos": 5,
          "endPos": 5
        },
        {
          "entity": "Account",
          "startPos": 8,
          "endPos": 8
        }
      ]
    },
    {
      "text": "he there, i need some help. can you show me my current savings?",
      "intent": "ShowBalance",
      "entities": [
        {
          "entity": "Account",
          "startPos": 14,
          "endPos": 14
        }
      ]
    },
    {
      "text": "hey there, i need my savings account balance please",
      "intent": "ShowBalance",
      "entities": [
        {
          "entity": "Account",
          "startPos": 6,
          "endPos": 6
        }
      ]
    },
    {
      "text": "add 500k to my checkings",
      "intent": "Deposit",
      "entities": [
        {
          "entity": "TransactionAmount",
          "startPos": 1,
          "endPos": 1
        },
        {
          "entity": "Account",
          "startPos": 4,
          "endPos": 4
        }
      ]
    },
    {
      "text": "can you show me my savings balance",
      "intent": "ShowBalance",
      "entities": [
        {
          "entity": "Account",
          "startPos": 5,
          "endPos": 5
        }
      ]
    },
    {
      "text": "deposit 500k into my checkings",
      "intent": "Deposit",
      "entities": [
        {
          "entity": "TransactionAmount",
          "startPos": 1,
          "endPos": 1
        },
        {
          "entity": "Account",
          "startPos": 4,
          "endPos": 4
        }
      ]
    },
    {
      "text": "i'd like to transfer 20 from my savings",
      "intent": "Transfer",
      "entities": [
        {
          "entity": "TransactionAmount",
          "startPos": 6,
          "endPos": 6
        },
        {
          "entity": "Account",
          "startPos": 9,
          "endPos": 9
        }
      ]
    },
    {
      "text": "transfer $400 from my checkings to my savings",
      "intent": "Transfer",
      "entities": [
        {
          "entity": "AccountTo",
          "startPos": 8,
          "endPos": 8
        },
        {
          "entity": "TransactionAmount",
          "startPos": 2,
          "endPos": 2
        },
        {
          "entity": "Account",
          "startPos": 5,
          "endPos": 5
        }
      ]
    },
    {
      "text": "transfer $400 from my savings to my checkings",
      "intent": "Transfer",
      "entities": [
        {
          "entity": "AccountTo",
          "startPos": 8,
          "endPos": 8
        },
        {
          "entity": "TransactionAmount",
          "startPos": 2,
          "endPos": 2
        },
        {
          "entity": "Account",
          "startPos": 5,
          "endPos": 5
        }
      ]
    },
    {
      "text": "transfer 1k from my checkings to my savings",
      "intent": "Transfer",
      "entities": [
        {
          "entity": "AccountTo",
          "startPos": 7,
          "endPos": 7
        },
        {
          "entity": "TransactionAmount",
          "startPos": 1,
          "endPos": 1
        },
        {
          "entity": "Account",
          "startPos": 4,
          "endPos": 4
        }
      ]
    },
    {
      "text": "transfer 9001 dollars from my checkings to my savings",
      "intent": "Transfer",
      "entities": [
        {
          "entity": "AccountTo",
          "startPos": 8,
          "endPos": 8
        },
        {
          "entity": "TransactionAmount",
          "startPos": 1,
          "endPos": 2
        },
        {
          "entity": "Account",
          "startPos": 5,
          "endPos": 5
        }
      ]
    },
    {
      "text": "transfer 9001k from my checkings to my savings",
      "intent": "Transfer",
      "entities": [
        {
          "entity": "AccountTo",
          "startPos": 7,
          "endPos": 7
        },
        {
          "entity": "TransactionAmount",
          "startPos": 1,
          "endPos": 1
        },
        {
          "entity": "Account",
          "startPos": 4,
          "endPos": 4
        }
      ]
    },
    {
      "text": "transfer 9001k from my savings to my checkings",
      "intent": "Transfer",
      "entities": [
        {
          "entity": "AccountTo",
          "startPos": 7,
          "endPos": 7
        },
        {
          "entity": "TransactionAmount",
          "startPos": 1,
          "endPos": 1
        },
        {
          "entity": "Account",
          "startPos": 4,
          "endPos": 4
        }
      ]
    },
    {
      "text": "transfer 345678903289 from checkings to savings",
      "intent": "Transfer",
      "entities": [
        {
          "entity": "AccountTo",
          "startPos": 5,
          "endPos": 5
        },
        {
          "entity": "TransactionAmount",
          "startPos": 1,
          "endPos": 1
        },
        {
          "entity": "Account",
          "startPos": 3,
          "endPos": 3
        }
      ]
    },
    {
      "text": "transfer $1 from checkings to savings",
      "intent": "Transfer",
      "entities": [
        {
          "entity": "AccountTo",
          "startPos": 6,
          "endPos": 6
        },
        {
          "entity": "TransactionAmount",
          "startPos": 1,
          "endPos": 2
        },
        {
          "entity": "Account",
          "startPos": 4,
          "endPos": 4
        }
      ]
    },
    {
      "text": "transfer 3434.32 from checkings to savings",
      "intent": "Transfer",
      "entities": [
        {
          "entity": "AccountTo",
          "startPos": 7,
          "endPos": 7
        },
        {
          "entity": "TransactionAmount",
          "startPos": 1,
          "endPos": 3
        },
        {
          "entity": "Account",
          "startPos": 5,
          "endPos": 5
        }
      ]
    },
    {
      "text": "transfer 2,000 from checkings to savings",
      "intent": "Transfer",
      "entities": [
        {
          "entity": "AccountTo",
          "startPos": 7,
          "endPos": 7
        },
        {
          "entity": "TransactionAmount",
          "startPos": 1,
          "endPos": 3
        },
        {
          "entity": "Account",
          "startPos": 5,
          "endPos": 5
        }
      ]
    },
    {
      "text": "transfer 21 from savings to checkings",
      "intent": "Transfer",
      "entities": [
        {
          "entity": "AccountTo",
          "startPos": 5,
          "endPos": 5
        },
        {
          "entity": "TransactionAmount",
          "startPos": 1,
          "endPos": 1
        },
        {
          "entity": "Account",
          "startPos": 3,
          "endPos": 3
        }
      ]
    },
    {
      "text": "transfer 21.00 from checkings to savings",
      "intent": "Transfer",
      "entities": [
        {
          "entity": "AccountTo",
          "startPos": 7,
          "endPos": 7
        },
        {
          "entity": "Account",
          "startPos": 5,
          "endPos": 5
        }
      ]
    },
    {
      "text": "transfer 2123 from checkings to savings",
      "intent": "Transfer",
      "entities": [
        {
          "entity": "AccountTo",
          "startPos": 5,
          "endPos": 5
        },
        {
          "entity": "TransactionAmount",
          "startPos": 1,
          "endPos": 1
        },
        {
          "entity": "Account",
          "startPos": 3,
          "endPos": 3
        }
      ]
    }
  ]
}